{
	"ambientocclusion": false,
	"textures": {
		"5": "mo_potions:7zEC4C8C93C/campfire_log",
		"7": "improved_building:potion_fluid",
		"top": "block/cauldron_top",
		"bottom": "block/cauldron_bottom",
		"particle": "block/cauldron_side",
		"side": "block/cauldron_side",
		"inside": "improved_building:C"
	},
	"elements": [
		{
			"from": [0, 11.1, 0],
			"to": [2, 24.1, 16],
			"faces": {
				"north": {"uv": [14, 0, 16, 13], "texture": "#side", "cullface": "north"},
				"east": {"uv": [0, 0, 16, 13], "texture": "#side"},
				"south": {"uv": [0, 0, 2, 13], "texture": "#side", "cullface": "south"},
				"west": {"uv": [0, 0, 16, 13], "texture": "#side", "cullface": "west"},
				"up": {"uv": [0, 0, 2, 16], "texture": "#top", "cullface": "up"},
				"down": {"uv": [0, 0, 2, 16], "texture": "#inside"}
			}
		},
		{
			"from": [2, 16.1, 2],
			"to": [14, 17.1, 14],
			"faces": {
				"up": {"uv": [2, 2, 14, 14], "texture": "#inside"},
				"down": {"uv": [2, 2, 14, 14], "texture": "#inside"}
			}
		},
		{
			"from": [14, 11.1, 0],
			"to": [16, 24.1, 16],
			"faces": {
				"north": {"uv": [0, 0, 2, 13], "texture": "#side", "cullface": "north"},
				"east": {"uv": [0, 0, 16, 13], "texture": "#side", "cullface": "east"},
				"south": {"uv": [14, 0, 16, 13], "texture": "#side", "cullface": "south"},
				"west": {"uv": [0, 0, 16, 13], "texture": "#side"},
				"up": {"uv": [14, 0, 16, 16], "texture": "#top", "cullface": "up"},
				"down": {"uv": [14, 0, 16, 16], "texture": "#inside"}
			}
		},
		{
			"from": [2, 11.1, 0],
			"to": [14, 24.1, 2],
			"faces": {
				"north": {"uv": [2, 0, 14, 13], "texture": "#side", "cullface": "north"},
				"south": {"uv": [2, 0, 14, 13], "texture": "#side"},
				"up": {"uv": [2, 0, 14, 2], "texture": "#top", "cullface": "up"},
				"down": {"uv": [2, 14, 14, 16], "texture": "#inside"}
			}
		},
		{
			"from": [2, 11.1, 14],
			"to": [14, 24.1, 16],
			"faces": {
				"north": {"uv": [2, 0, 14, 13], "texture": "#side"},
				"south": {"uv": [2, 0, 14, 13], "texture": "#side", "cullface": "south"},
				"up": {"uv": [2, 14, 14, 16], "texture": "#top", "cullface": "up"},
				"down": {"uv": [2, 0, 14, 2], "texture": "#inside"}
			}
		},
		{
			"from": [12, 0, 14],
			"to": [16, 11.1, 16],
			"faces": {
				"north": {"uv": [0, 4.9, 4, 16], "texture": "#side"},
				"east": {"uv": [0, 4.9, 2, 16], "texture": "#side", "cullface": "east"},
				"south": {"uv": [12, 4.9, 16, 16], "texture": "#side", "cullface": "south"},
				"west": {"uv": [14, 4.9, 16, 16], "texture": "#side"},
				"down": {"uv": [12, 0, 16, 2], "texture": "#bottom", "cullface": "down"}
			}
		},
		{
			"from": [0, 0, 14],
			"to": [4, 11.1, 16],
			"faces": {
				"north": {"uv": [12, 4.9, 16, 16], "texture": "#side"},
				"east": {"uv": [0, 4.9, 2, 16], "texture": "#side"},
				"south": {"uv": [0, 4.9, 4, 16], "texture": "#side", "cullface": "south"},
				"west": {"uv": [14, 4.9, 16, 16], "texture": "#side", "cullface": "west"},
				"down": {"uv": [0, 0, 4, 2], "texture": "#bottom", "cullface": "down"}
			}
		},
		{
			"from": [0, 0, 12],
			"to": [2, 11.1, 14],
			"faces": {
				"north": {"uv": [14, 4.9, 16, 16], "texture": "#side"},
				"east": {"uv": [2, 4.9, 4, 16], "texture": "#side"},
				"west": {"uv": [12, 4.9, 14, 16], "texture": "#side", "cullface": "west"},
				"down": {"uv": [0, 2, 2, 4], "texture": "#bottom", "cullface": "down"}
			}
		},
		{
			"from": [0, 0, 2],
			"to": [2, 11.1, 4],
			"faces": {
				"east": {"uv": [12, 4.9, 14, 16], "texture": "#side"},
				"south": {"uv": [0, 4.9, 2, 16], "texture": "#side"},
				"west": {"uv": [2, 4.9, 4, 16], "texture": "#side", "cullface": "west"},
				"down": {"uv": [0, 12, 2, 14], "texture": "#bottom", "cullface": "down"}
			}
		},
		{
			"from": [0, 0, 0],
			"to": [4, 11.1, 2],
			"faces": {
				"north": {"uv": [12, 4.9, 16, 16], "texture": "#side", "cullface": "north"},
				"east": {"uv": [14, 4.9, 16, 16], "texture": "#side"},
				"south": {"uv": [0, 4.9, 4, 16], "texture": "#side"},
				"west": {"uv": [0, 4.9, 2, 16], "texture": "#side", "cullface": "west"},
				"down": {"uv": [0, 14, 4, 16], "texture": "#bottom", "cullface": "down"}
			}
		},
		{
			"from": [14, 0, 12],
			"to": [16, 11.1, 14],
			"faces": {
				"north": {"uv": [0, 4.9, 2, 16], "texture": "#side"},
				"east": {"uv": [2, 4.9, 4, 16], "texture": "#side", "cullface": "east"},
				"west": {"uv": [12, 4.9, 14, 16], "texture": "#side"},
				"down": {"uv": [14, 2, 16, 4], "texture": "#bottom", "cullface": "down"}
			}
		},
		{
			"from": [14, 0, 2],
			"to": [16, 11.1, 4],
			"faces": {
				"east": {"uv": [12, 4.9, 14, 16], "texture": "#side", "cullface": "east"},
				"south": {"uv": [14, 4.9, 16, 16], "texture": "#side"},
				"west": {"uv": [2, 4.9, 4, 16], "texture": "#side"},
				"down": {"uv": [14, 12, 16, 14], "texture": "#bottom", "cullface": "down"}
			}
		},
		{
			"from": [12, 0, 0],
			"to": [16, 11.1, 2],
			"faces": {
				"north": {"uv": [0, 4.9, 4, 16], "texture": "#side", "cullface": "north"},
				"east": {"uv": [14, 4.9, 16, 16], "texture": "#side", "cullface": "east"},
				"south": {"uv": [12, 4.9, 16, 16], "texture": "#side"},
				"west": {"uv": [0, 4.9, 2, 16], "texture": "#side"},
				"down": {"uv": [12, 14, 16, 16], "texture": "#bottom", "cullface": "down"}
			}
		},
		{
			"from": [1, 3, 2],
			"to": [15, 7, 6],
			"faces": {
				"north": {"uv": [1, 0, 15, 4], "texture": "#5"},
				"east": {"uv": [0, 4, 4, 8], "texture": "#5", "cullface": "east"},
				"south": {"uv": [15, 0, 1, 4], "texture": "#5"},
				"west": {"uv": [0, 4, 4, 8], "texture": "#5", "cullface": "west"},
				"up": {"uv": [1, 0, 15, 4], "rotation": 180, "texture": "#5"},
				"down": {"uv": [1, 0, 15, 4], "texture": "#5"}
			}
		},
		{
			"from": [1, 3, 10],
			"to": [15, 7, 14],
			"faces": {
				"north": {"uv": [15, 0, 1, 4], "texture": "#5"},
				"east": {"uv": [0, 4, 4, 8], "texture": "#5", "cullface": "east"},
				"south": {"uv": [1, 0, 15, 4], "texture": "#5"},
				"west": {"uv": [0, 4, 4, 8], "texture": "#5", "cullface": "west"},
				"up": {"uv": [1, 0, 15, 4], "rotation": 180, "texture": "#5"},
				"down": {"uv": [1, 0, 15, 4], "texture": "#5"}
			}
		},
		{
			"from": [2, 0, 1],
			"to": [6, 4, 15],
			"faces": {
				"north": {"uv": [0, 4, 4, 8], "texture": "#5", "cullface": "north"},
				"east": {"uv": [1, 1, 15, 5], "texture": "#5"},
				"south": {"uv": [0, 4, 4, 8], "texture": "#5", "cullface": "south"},
				"west": {"uv": [15, 0, 1, 4], "texture": "#5"},
				"up": {"uv": [1, 0, 15, 4], "rotation": 90, "texture": "#5"},
				"down": {"uv": [1, 0, 15, 4], "rotation": 90, "texture": "#5", "cullface": "down"}
			}
		},
		{
			"from": [10, 0, 1],
			"to": [14, 4, 15],
			"faces": {
				"north": {"uv": [0, 4, 4, 8], "texture": "#5", "cullface": "north"},
				"east": {"uv": [1, 0, 15, 4], "texture": "#5"},
				"south": {"uv": [0, 4, 4, 8], "texture": "#5", "cullface": "south"},
				"west": {"uv": [15, 1, 1, 5], "texture": "#5"},
				"up": {"uv": [1, 0, 15, 4], "rotation": 90, "texture": "#5"},
				"down": {"uv": [1, 0, 15, 4], "rotation": 90, "texture": "#5", "cullface": "down"}
			}
		},
		{
			"name": "charcoal",
			"from": [5, 0, 2],
			"to": [11, 1, 14],
			"faces": {
				"north": {"uv": [0, 15, 6, 16], "texture": "#5", "cullface": "north"},
				"east": {"uv": [0, 0, 0, 0], "texture": "#5"},
				"south": {"uv": [10, 15, 16, 16], "texture": "#5", "cullface": "south"},
				"west": {"uv": [0, 0, 0, 0], "texture": "#5"},
				"up": {"uv": [0, 8, 12, 14], "rotation": 90, "texture": "#5"},
				"down": {"uv": [0, 8, 12, 14], "rotation": 90, "texture": "#5", "cullface": "down"}
			}
		},
		{
			"from": [2, 17, 2],
			"to": [14, 22, 14],
			"faces": {
				"north": {"uv": [0, 0, 12, 5], "texture": "#7"},
				"east": {"uv": [0, 0, 12, 5], "texture": "#7"},
				"south": {"uv": [0, 0, 12, 5], "texture": "#7"},
				"west": {"uv": [0, 0, 12, 5], "texture": "#7"},
				"up": {"uv": [0, 0, 12, 12], "texture": "#7"},
				"down": {"uv": [0, 0, 12, 12], "texture": "#7"}
			}
		}
	],
	"display": {
		"thirdperson_righthand": {
			"scale": [0.35, 0.35, 0.35]
		},
		"thirdperson_lefthand": {
			"scale": [0.35, 0.35, 0.35]
		},
		"firstperson_righthand": {
			"rotation": [0, -56, 0],
			"translation": [0, 0.25, 0],
			"scale": [0.44, 0.44, 0.44]
		},
		"firstperson_lefthand": {
			"rotation": [0, -56, 0],
			"translation": [0, 0.25, 0],
			"scale": [0.44, 0.44, 0.44]
		},
		"ground": {
			"scale": [0.38, 0.38, 0.38]
		},
		"gui": {
			"rotation": [31, -35, 0],
			"translation": [0, -1.75, 0],
			"scale": [0.45, 0.45, 0.45]
		},
		"head": {
			"scale": [0.91, 0.91, 0.91]
		},
		"fixed": {
			"translation": [0, -2.5, 0],
			"scale": [0.64, 0.64, 0.64]
		}
	},
	"groups": [
		{
			"name": "cauldron",
			"origin": [0, 0, 0],
			"color": 0,
			"children": [
				0,
				1,
				2,
				3,
				4,
				{
					"name": "legs",
					"origin": [0, 0, 0],
					"color": 0,
					"children": [5, 6, 7, 8, 9, 10, 11, 12]
				}
			]
		},
		{
			"name": "campfire",
			"origin": [8, 8, 8],
			"color": 0,
			"children": [
				{
					"name": "firewood",
					"origin": [0, 0, 0],
					"color": 0,
					"children": [13, 14]
				},
				{
					"name": "logs",
					"origin": [0, 0, 0],
					"color": 0,
					"children": [15, 16]
				},
				17
			]
		},
		18
	]
}