{
  "display": {
    "icon": {
      "item": "minecraft:crying_obsidian"
    },
    "title": {
      "translate": "advancements.mine_obsidian_with_mining_fatigue.title"
    },
    "description": {
      "translate": "advancements.mine_obsidian_with_mining_fatigue.descr"
    },
    "frame": "challenge",
    "show_toast": true,
    "announce_to_chat": true,
    "hidden": false
  },
  "criteria": {
    "mine_obsidian_with_mining_fatigue": {
      "trigger": "minecraft:impossible"
    }
  },
  "rewards": {
    "experience": 15
  },
  "parent": "minecraft:story/form_obsidian"
}