{
  "_fv": 28,
  "_type": "recipe",
  "definition": {
    "recipeType": "Crafting",
    "xpReward": 0.0,
    "cookingTime": 200,
    "recipeRetstackSize": 1,
    "group": "",
    "recipeShapeless": true,
    "recipeSlots": [
      {
        "value": ""
      },
      {
        "value": ""
      },
      {
        "value": ""
      },
      {
        "value": ""
      },
      {
        "value": "Items.SUGAR"
      },
      {
        "value": "Blocks.BROWN_MUSHROOM"
      },
      {
        "value": ""
      },
      {
        "value": "Items.SLIME_BALL"
      },
      {
        "value": ""
      }
    ],
    "recipeReturnStack": {
      "value": "CUSTOM:FermentedSugar"
    },
    "name": "fermented_sugar",
    "namespace": "mod"
  }
}