{
  "_fv": 28,
  "_type": "achievement",
  "definition": {
    "achievementName": "Risk Taker",
    "achievementDescription": "Defy the void and levitate out of it",
    "achievementIcon": {
      "value": "CUSTOM:AngelTotem"
    },
    "background": "Default",
    "disableDisplay": false,
    "showPopup": true,
    "announceToChat": true,
    "hideIfNotCompleted": false,
    "rewardLoot": [],
    "rewardRecipes": [],
    "rewardFunction": "No function",
    "rewardXP": 0,
    "achievementType": "goal",
    "parent": {
      "value": "end/root"
    },
    "triggerxml": "<xml xmlns=\"https://developers.google.com/blockly/xml\"><block type=\"custom_trigger\" x=\"27\" y=\"47\"><next><block type=\"advancement_trigger\" deletable=\"false\"></block></next></block></xml>"
  }
}