{
  "_fv": 28,
  "_type": "achievement",
  "definition": {
    "achievementName": "Finally!",
    "achievementDescription": "Mine an obsidian/crying obsidian block while having Mining Fatigue",
    "achievementIcon": {
      "value": "Blocks.CRYING_OBSIDIAN"
    },
    "background": "Default",
    "disableDisplay": false,
    "showPopup": true,
    "announceToChat": true,
    "hideIfNotCompleted": false,
    "rewardLoot": [],
    "rewardRecipes": [],
    "rewardFunction": "No function",
    "rewardXP": 15,
    "achievementType": "challenge",
    "parent": {
      "value": "story/form_obsidian"
    },
    "triggerxml": "<xml xmlns=\"https://developers.google.com/blockly/xml\"><block type=\"custom_trigger\" x=\"36\" y=\"37\"><next><block type=\"advancement_trigger\" deletable=\"false\"></block></next></block></xml>"
  }
}