{
  "_fv": 28,
  "_type": "block",
  "definition": {
    "texture": "cauldron_side",
    "textureTop": "",
    "textureLeft": "",
    "textureFront": "",
    "textureRight": "",
    "textureBack": "",
    "renderType": 2,
    "customModelName": "potion_infuser_nofire_nowater:default",
    "rotationMode": 0,
    "emissiveRendering": false,
    "displayFluidOverlay": false,
    "itemTexture": "",
    "particleTexture": "",
    "tintType": "No tint",
    "isItemTinted": false,
    "hasTransparency": true,
    "connectedSides": false,
    "transparencyType": "TRANSLUCENT",
    "disableOffset": false,
    "boundingBoxes": [
      {
        "mx": 0.0,
        "my": 0.0,
        "mz": 0.0,
        "Mx": 4.0,
        "My": 11.0,
        "Mz": 2.0,
        "subtract": false
      },
      {
        "mx": 0.0,
        "my": 0.0,
        "mz": 2.0,
        "Mx": 2.0,
        "My": 11.0,
        "Mz": 2.0,
        "subtract": false
      },
      {
        "mx": 12.0,
        "my": 0.0,
        "mz": 0.0,
        "Mx": 4.0,
        "My": 11.0,
        "Mz": 2.0,
        "subtract": false
      },
      {
        "mx": 14.0,
        "my": 0.0,
        "mz": 2.0,
        "Mx": 2.0,
        "My": 11.0,
        "Mz": 2.0,
        "subtract": false
      },
      {
        "mx": 0.0,
        "my": 0.0,
        "mz": 12.0,
        "Mx": 2.0,
        "My": 11.0,
        "Mz": 2.0,
        "subtract": false
      },
      {
        "mx": 14.0,
        "my": 0.0,
        "mz": 12.0,
        "Mx": 2.0,
        "My": 11.0,
        "Mz": 2.0,
        "subtract": false
      },
      {
        "mx": 12.0,
        "my": 0.0,
        "mz": 14.0,
        "Mx": 4.0,
        "My": 11.0,
        "Mz": 2.0,
        "subtract": false
      },
      {
        "mx": 0.0,
        "my": 0.0,
        "mz": 14.0,
        "Mx": 4.0,
        "My": 11.0,
        "Mz": 2.0,
        "subtract": false
      },
      {
        "mx": 2.0,
        "my": 0.0,
        "mz": 1.0,
        "Mx": 4.0,
        "My": 4.0,
        "Mz": 14.0,
        "subtract": false
      },
      {
        "mx": 10.0,
        "my": 0.0,
        "mz": 1.0,
        "Mx": 4.0,
        "My": 4.0,
        "Mz": 14.0,
        "subtract": false
      },
      {
        "mx": 5.0,
        "my": 0.0,
        "mz": 2.0,
        "Mx": 6.0,
        "My": 1.0,
        "Mz": 12.0,
        "subtract": false
      },
      {
        "mx": 1.0,
        "my": 3.0,
        "mz": 2.0,
        "Mx": 14.0,
        "My": 4.0,
        "Mz": 4.0,
        "subtract": false
      },
      {
        "mx": 1.0,
        "my": 3.0,
        "mz": 10.0,
        "Mx": 14.0,
        "My": 4.0,
        "Mz": 4.0,
        "subtract": false
      },
      {
        "mx": 0.0,
        "my": 11.1,
        "mz": 0.0,
        "Mx": 16.0,
        "My": 13.1,
        "Mz": 16.0,
        "subtract": false
      },
      {
        "mx": 2.0,
        "my": 11.1,
        "mz": 2.0,
        "Mx": 12.0,
        "My": 5.0,
        "Mz": 12.0,
        "subtract": true
      },
      {
        "mx": 2.0,
        "my": 17.0,
        "mz": 2.0,
        "Mx": 12.0,
        "My": 7.1,
        "Mz": 12.0,
        "subtract": true
      }
    ],
    "name": "Potion Infuser",
    "specialInfo": [],
    "hardness": 2.5,
    "resistance": 10.0,
    "hasGravity": false,
    "isWaterloggable": false,
    "creativeTab": {
      "value": "BREWING"
    },
    "destroyTool": "pickaxe",
    "customDrop": {
      "value": ""
    },
    "dropAmount": 1,
    "useLootTableForDrops": false,
    "enchantPowerBonus": 0.0,
    "plantsGrowOn": false,
    "canRedstoneConnect": false,
    "lightOpacity": 0,
    "material": {
      "value": "IRON"
    },
    "tickRate": 10,
    "tickRandomly": false,
    "isReplaceable": false,
    "canProvidePower": false,
    "emittedRedstonePower": {
      "fixedValue": 15.0
    },
    "colorOnMap": "DEFAULT",
    "creativePickItem": {
      "value": ""
    },
    "offsetType": "NONE",
    "aiPathNodeType": "DEFAULT",
    "flammability": 0,
    "fireSpreadSpeed": 0,
    "isLadder": false,
    "slipperiness": 0.6,
    "speedFactor": 1.0,
    "jumpFactor": 1.0,
    "reactionToPushing": "NORMAL",
    "isNotColidable": false,
    "isCustomSoundType": false,
    "soundOnStep": {
      "value": "METAL"
    },
    "breakSound": {
      "value": ""
    },
    "fallSound": {
      "value": ""
    },
    "hitSound": {
      "value": ""
    },
    "placeSound": {
      "value": ""
    },
    "stepSound": {
      "value": ""
    },
    "luminance": 0,
    "unbreakable": false,
    "breakHarvestLevel": 0,
    "spawnParticles": false,
    "particleToSpawn": {
      "value": "EXPLOSION_NORMAL"
    },
    "particleSpawningShape": "Spread",
    "particleSpawningRadious": 0.5,
    "particleAmount": 4,
    "hasInventory": true,
    "guiBoundTo": "PotionInfuserGUI",
    "openGUIOnRightClick": true,
    "inventorySize": 3,
    "inventoryStackSize": 1,
    "inventoryDropWhenDestroyed": true,
    "inventoryComparatorPower": true,
    "inventoryOutSlotIDs": [
      2
    ],
    "inventoryInSlotIDs": [
      0,
      1
    ],
    "hasEnergyStorage": false,
    "energyInitial": 0,
    "energyCapacity": 400000,
    "energyMaxReceive": 200,
    "energyMaxExtract": 200,
    "isFluidTank": false,
    "fluidCapacity": 8000,
    "fluidRestrictions": [],
    "spawnWorldTypes": [],
    "restrictionBiomes": [],
    "blocksToReplace": [
      {
        "value": "Blocks.STONE"
      }
    ],
    "generationShape": "UNIFORM",
    "frequencyPerChunks": 10,
    "frequencyOnChunk": 16,
    "minGenerateHeight": 0,
    "maxGenerateHeight": 64
  }
}