{
  "_fv": 28,
  "_type": "tag",
  "definition": {
    "type": "Items",
    "items": [
      {
        "value": "Items.WOODEN_SHOVEL"
      },
      {
        "value": "Items.STONE_SHOVEL"
      },
      {
        "value": "Items.IRON_SHOVEL"
      },
      {
        "value": "Items.GOLDEN_SHOVEL"
      },
      {
        "value": "Items.DIAMOND_SHOVEL"
      },
      {
        "value": "Items.NETHERITE_SHOVEL"
      }
    ],
    "blocks": [],
    "functions": [],
    "entities": [],
    "name": "shovels",
    "namespace": "minecraft"
  }
}