{
  "_fv": 25,
  "_type": "achievement",
  "definition": {
    "achievementName": "Iron Belly",
    "achievementDescription": "Stop starvation using Rotten Flesh",
    "achievementIcon": {
      "value": "Items.ROTTEN_FLESH"
    },
    "background": "Default",
    "disableDisplay": false,
    "showPopup": true,
    "announceToChat": true,
    "hideIfNotCompleted": false,
    "rewardLoot": [],
    "rewardRecipes": [],
    "rewardFunction": "No function",
    "rewardXP": 0,
    "achievementType": "task",
    "parent": {
      "value": "husbandry/root"
    },
    "triggerxml": "<xml xmlns=\"https://developers.google.com/blockly/xml\"><block type=\"custom_trigger\" x=\"36\" y=\"43\"><next><block type=\"advancement_trigger\" deletable=\"false\"></block></next></block></xml>"
  }
}