{
  "_fv": 25,
  "_type": "achievement",
  "definition": {
    "achievementName": "Resilience",
    "achievementDescription": "Drink a Potion of Resistance",
    "achievementIcon": {
      "value": "Items.IRON_CHESTPLATE"
    },
    "background": "Default",
    "disableDisplay": false,
    "showPopup": true,
    "announceToChat": true,
    "hideIfNotCompleted": false,
    "rewardLoot": [],
    "rewardRecipes": [],
    "rewardFunction": "No function",
    "rewardXP": 0,
    "achievementType": "task",
    "parent": {
      "value": "nether/brew_potion"
    },
    "triggerxml": "<xml xmlns=\"https://developers.google.com/blockly/xml\"><block type=\"custom_trigger\" x=\"45\" y=\"43\"><next><block type=\"advancement_trigger\" deletable=\"false\"></block></next></block></xml>"
  }
}