{
  "_fv": 25,
  "_type": "achievement",
  "definition": {
    "achievementName": "Satisfied",
    "achievementDescription": "Drink a Potion of Satisfaction at the starving point",
    "achievementIcon": {
      "value": "Items.POTIONITEM"
    },
    "background": "Default",
    "disableDisplay": false,
    "showPopup": true,
    "announceToChat": true,
    "hideIfNotCompleted": false,
    "rewardLoot": [],
    "rewardRecipes": [],
    "rewardFunction": "No function",
    "rewardXP": 0,
    "achievementType": "goal",
    "parent": {
      "value": "CUSTOM:IronBelly"
    },
    "triggerxml": "<xml xmlns=\"https://developers.google.com/blockly/xml\"><block type=\"custom_trigger\" x=\"28\" y=\"34\"><next><block type=\"advancement_trigger\" deletable=\"false\"></block></next></block></xml>"
  }
}